date_day,start_value,end_value,high_value,low_value
"2014/01/06","15908.88","16147.54","16164.01","15864.44"
"2014/01/07","15814.37","15835.41","15935.37","15784.25"
"2014/01/08","16121.45","15943.68","16121.45","15906.57"
"2014/01/09","15880.33","16002.88","16004.56","15838.44"
"2014/01/10","15912.06","15785.15","15922.14","15754.70"
"2014/01/14","15422.40","15657.20","15661.71","15383.69"
"2014/01/15","15808.73","15649.07","15808.73","15636.57"
"2014/01/16","15747.20","15845.15","15941.08","15710.14"
"2014/01/17","15734.46","15695.46","15783.37","15621.80"
"2014/01/20","15641.68","15724.14","15727.26","15574.23"
"2014/01/21","15795.96","15710.89","15894.68","15705.84"
"2014/01/22","15820.96","15749.01","15870.53","15631.41"
"2014/01/23","15695.89","15900.63","15958.58","15690.45"
"2014/01/24","15391.56","15473.57","15485.02","15288.32"
"2014/01/27","15005.73","15091.45","15109.68","14933.55"
"2014/01/28","14980.16","15038.64","15088.12","14952.83"
"2014/01/29","15383.91","15164.34","15383.91","15159.92"
"2014/01/30","15007.06","15112.70","15112.70","14853.83"
"2014/01/31","14914.53","15132.23","15143.88","14764.57"
"2014/02/03","14619.13","14788.56","14846.93","14615.05"
"2014/02/04","14008.47","14353.33","14355.92","14008.47"
"2014/02/05","14180.38","14213.10","14245.06","13995.86"
"2014/02/06","14155.12","14233.42","14308.07","14155.12"
"2014/02/07","14462.41","14387.11","14471.95","14356.59"
"2014/02/10","14718.34","14647.83","14725.92","14568.30"
"2014/02/12","14800.06","14821.73","14874.79","14769.04"
"2014/02/13","14534.74","14785.84","14787.62","14488.32"
"2014/02/14","14313.03","14538.20","14678.71","14243.17"
"2014/02/17","14393.11","14343.73","14427.95","14214.60"
"2014/02/18","14843.24","14514.47","14900.24","14469.49"
"2014/02/19","14766.53","14729.48","14805.66","14679.19"
"2014/02/20","14449.18","14701.14","14731.48","14428.73"
"2014/02/21","14865.67","14618.61","14888.81","14618.61"
"2014/02/24","14837.68","14803.64","14982.53","14658.14"
"2014/02/25","15051.60","15002.51","15094.54","14957.49"
"2014/02/26","14970.97","14896.49","15084.53","14896.49"
"2014/02/27","14923.11","14939.87","15015.01","14844.37"
"2014/02/28","14841.07","14929.55","14943.65","14735.52"
"2014/03/03","14652.23","14666.93","14684.70","14443.10"
"2014/03/04","14721.48","14553.95","14750.09","14546.34"
"2014/03/05","14897.63","14905.95","14992.19","14897.63"
"2014/03/06","15134.75","14933.76","15203.12","14871.56"
"2014/03/07","15274.07","15280.76","15312.60","15145.59"
"2014/03/10","15120.14","15197.53","15266.12","15088.11"
"2014/03/11","15224.11","15179.47","15256.03","15124.36"
"2014/03/12","14830.39","15003.80","15020.14","14828.18"
"2014/03/13","14815.98","14847.72","14919.84","14790.48"
"2014/03/14","14327.66","14526.28","14539.60","14280.75"
"2014/03/17","14277.67","14254.32","14359.16","14203.21"
"2014/03/18","14411.27","14491.41","14533.25","14399.72"
"2014/03/19","14462.52","14495.73","14663.54","14302.37"
"2014/03/20","14224.23","14548.76","14548.76","14207.83"
"2014/03/24","14475.30","14297.58","14514.28","14287.28"
"2014/03/25","14423.19","14401.69","14531.79","14312.08"
"2014/03/26","14477.16","14521.00","14569.90","14401.42"
"2014/03/27","14622.89","14305.67","14659.85","14227.81"
"2014/03/28","14696.03","14576.25","14713.45","14520.57"
"2014/03/31","14827.83","14839.54","14843.67","14718.01"
"2014/04/01","14791.99","14870.51","14870.51","14751.29"
"2014/04/02","14946.32","14897.88","15069.61","14893.17"
"2014/04/03","15071.88","15009.18","15164.39","14976.36"
"2014/04/04","15063.77","15005.54","15098.38","15000.69"
"2014/04/07","14808.85","14880.82","14895.58","14764.37"
"2014/04/08","14606.88","14715.80","14740.10","14605.31"
"2014/04/09","14299.69","14436.05","14502.02","14279.34"
"2014/04/10","14300.12","14484.54","14513.14","14234.45"
"2014/04/11","13960.05","14027.80","14065.97","13885.11"
"2014/04/14","13910.16","13887.23","14008.29","13885.22"
"2014/04/15","13996.81","14068.75","14096.86","13969.17"
"2014/04/16","14417.68","14126.87","14420.30","14125.59"
"2014/04/17","14417.53","14395.95","14500.66","14351.85"
"2014/04/18","14516.27","14489.37","14536.67","14442.74"
"2014/04/21","14512.38","14549.45","14649.50","14503.17"
"2014/04/22","14388.77","14586.29","14604.30","14388.77"
"2014/04/23","14546.27","14480.41","14546.27","14459.29"
"2014/04/24","14404.99","14563.25","14563.25","14367.13"
"2014/04/25","14429.26","14369.72","14554.32","14327.60"
"2014/04/28","14288.23","14289.82","14324.03","14224.47"
"2014/04/30","14304.11","14393.51","14421.22","14275.69"
"2014/05/01","14485.13","14341.09","14493.03","14341.09"
"2014/05/02","14457.51","14454.44","14473.75","14405.77"
"2014/05/07","14033.45","14296.25","14299.13","14033.45"
"2014/05/08","14163.78","14136.41","14254.44","14108.16"
"2014/05/09","14199.59","14101.98","14266.29","14091.20"
"2014/05/12","14149.52","14173.49","14234.49","14130.30"
"2014/05/13","14425.44","14367.94","14464.01","14359.74"
"2014/05/14","14405.76","14385.60","14419.65","14349.87"
"2014/05/15","14298.21","14280.51","14306.36","14190.27"
"2014/05/16","14096.59","14087.76","14108.44","14016.49"
"2014/05/19","14006.44","14130.09","14150.50","13991.80"
"2014/05/20","14075.25","14088.45","14144.04","14038.06"
"2014/05/21","14042.17","13969.71","14054.24","13964.43"
"2014/05/22","14337.79","14188.28","14369.02","14147.55"
"2014/05/23","14462.17","14411.10","14528.04","14404.80"
"2014/05/26","14602.52","14592.60","14602.52","14531.32"
"2014/05/27","14636.52","14589.79","14744.16","14588.68"
"2014/05/28","14670.95","14646.93","14717.29","14608.54"
"2014/05/29","14681.72","14585.64","14714.95","14574.02"
"2014/05/30","14632.38","14707.66","14741.10","14591.62"
"2014/06/02","14935.92","14777.51","14963.91","14777.51"
"2014/06/03","15034.25","15089.04","15091.49","15026.01"
"2014/06/04","15067.96","15067.41","15071.78","14985.21"
"2014/06/05","15079.37","15112.59","15141.14","15016.81"
"2014/06/06","15077.24","15138.75","15144.34","15042.59"
"2014/06/09","15124.00","15204.31","15206.57","15116.03"
"2014/06/10","14994.80","15130.74","15184.77","14966.80"
"2014/06/11","15069.48","15000.13","15075.72","14998.63"
"2014/06/12","14973.53","14942.15","14992.96","14862.08"
"2014/06/13","15097.84","14830.99","15121.64","14830.99"
"2014/06/16","14933.29","15049.61","15056.75","14867.15"
"2014/06/17","14975.97","14962.99","15026.96","14948.54"
"2014/06/18","15115.80","15009.89","15139.99","14995.45"
"2014/06/19","15361.16","15140.35","15375.38","15138.28"
"2014/06/20","15349.42","15359.60","15422.06","15305.43"
"2014/06/23","15369.28","15419.47","15442.67","15335.88"
"2014/06/24","15376.24","15300.50","15424.57","15252.27"
"2014/06/25","15266.61","15297.24","15347.88","15265.71"
"2014/06/26","15308.49","15320.13","15345.12","15278.22"
"2014/06/27","15095.00","15290.75","15293.82","15027.31"
"2014/06/30","15162.10","15159.45","15177.87","15052.34"
"2014/07/01","15326.20","15179.64","15389.08","15145.87"
"2014/07/02","15369.97","15406.23","15444.63","15354.91"
"2014/07/03","15348.29","15435.34","15435.34","15324.32"
"2014/07/04","15437.13","15490.37","15490.37","15420.07"
"2014/07/07","15379.44","15433.49","15477.77","15379.44"
"2014/07/08","15314.41","15304.27","15389.89","15225.11"
"2014/07/09","15302.65","15194.32","15302.65","15185.32"
"2014/07/10","15216.47","15318.30","15326.78","15215.43"
"2014/07/11","15164.04","15102.59","15204.01","15101.49"
"2014/07/14","15296.82","15199.18","15324.95","15179.49"
"2014/07/15","15395.16","15354.43","15441.54","15346.09"
"2014/07/16","15379.30","15369.66","15423.96","15355.00"
"2014/07/17","15370.26","15422.87","15465.74","15347.85"
"2014/07/18","15215.71","15174.08","15220.50","15110.45"
"2014/07/22","15343.28","15296.42","15392.02","15287.93"
"2014/07/23","15328.56","15367.16","15376.20","15317.37"
"2014/07/24","15284.42","15350.28","15383.11","15232.14"
"2014/07/25","15457.87","15342.46","15457.87","15341.69"
"2014/07/28","15529.40","15426.98","15556.62","15426.98"
"2014/07/29","15618.07","15564.79","15632.70","15556.02"
"2014/07/30","15646.23","15616.89","15666.62","15594.89"
"2014/07/31","15620.77","15732.78","15759.66","15618.85"
"2014/08/01","15523.11","15511.54","15602.13","15501.15"
"2014/08/04","15474.50","15474.65","15535.62","15440.21"
"2014/08/05","15320.31","15506.87","15507.32","15313.84"
"2014/08/06","15159.79","15260.00","15271.14","15121.43"
"2014/08/07","15232.37","15138.72","15243.06","15061.99"
"2014/08/08","14778.37","15063.73","15074.32","14753.84"
"2014/08/11","15130.52","15022.64","15161.54","14973.71"
"2014/08/12","15161.31","15164.73","15235.98","15125.93"
"2014/08/13","15213.63","15111.76","15235.90","15108.53"
"2014/08/14","15314.57","15284.38","15338.85","15272.90"
"2014/08/15","15318.34","15317.15","15328.34","15276.99"
"2014/08/18","15322.60","15318.50","15365.35","15303.39"
"2014/08/19","15449.79","15451.94","15476.05","15429.11"
"2014/08/20","15454.45","15485.93","15492.88","15433.72"
"2014/08/21","15586.20","15530.98","15601.99","15525.78"
"2014/08/22","15539.19","15618.05","15628.78","15524.43"
"2014/08/25","15613.25","15609.43","15628.61","15553.51"
"2014/08/26","15521.22","15609.64","15613.34","15519.42"
"2014/08/27","15534.82","15556.56","15588.22","15465.99"
"2014/08/28","15459.86","15482.27","15487.99","15423.90"
"2014/08/29","15424.59","15423.88","15447.81","15356.00"
"2014/09/01","15476.60","15454.59","15478.77","15440.99"
"2014/09/02","15668.60","15526.94","15737.36","15516.50"
"2014/09/03","15728.35","15797.79","15829.38","15723.54"
"2014/09/04","15676.18","15701.61","15732.76","15663.59"
"2014/09/05","15668.68","15792.64","15792.64","15641.37"
"2014/09/08","15705.11","15718.13","15730.33","15656.40"
"2014/09/09","15749.15","15795.82","15795.82","15736.13"
"2014/09/10","15788.78","15688.55","15795.60","15664.79"
"2014/09/11","15909.20","15880.91","15925.51","15854.30"
"2014/09/12","15948.29","15885.04","15984.90","15885.04"
"2014/09/16","15911.53","15896.06","15938.31","15871.12"
"2014/09/17","15888.67","15948.15","15969.41","15888.67"
"2014/09/18","16067.57","16036.47","16106.11","16003.46"
"2014/09/19","16321.17","16177.94","16364.08","16170.86"
"2014/09/22","16205.90","16281.36","16299.13","16170.11"
"2014/09/24","16167.45","16105.56","16203.94","16094.59"
"2014/09/25","16374.14","16327.19","16374.14","16303.91"
"2014/09/26","16229.86","16087.95","16251.67","16087.95"
"2014/09/29","16310.64","16339.03","16344.32","16262.00"
"2014/09/30","16173.52","16252.72","16252.72","16058.72"
"2014/10/01","16082.25","16173.39","16225.96","16081.01"
"2014/10/02","15661.99","15895.20","15922.51","15646.40"
"2014/10/03","15708.65","15616.48","15708.65","15559.07"
"2014/10/06","15890.95","15882.28","15970.65","15808.22"
"2014/10/07","15783.83","15841.17","15913.52","15755.57"
"2014/10/08","15595.98","15574.60","15643.63","15520.81"
"2014/10/09","15478.93","15681.53","15732.32","15461.09"
"2014/10/10","15300.55","15292.88","15345.78","15221.83"
"2014/10/14","14936.51","15036.87","15089.90","14919.71"
"2014/10/15","15073.52","15009.75","15084.61","14916.65"
"2014/10/16","14738.38","14805.16","14807.08","14672.55"
"2014/10/17","14532.51","14796.32","14830.67","14529.03"
"2014/10/20","15111.23","14822.84","15111.23","14819.69"
"2014/10/21","14804.28","15115.29","15115.29","14761.84"
"2014/10/22","15195.77","15038.19","15195.78","15001.43"
"2014/10/23","15138.96","15093.78","15232.51","15059.64"
"2014/10/24","15291.64","15354.35","15377.05","15232.00"
"2014/10/27","15388.72","15404.28","15424.05","15333.71"
"2014/10/28","15329.91","15363.28","15374.46","15263.36"
"2014/10/29","15553.91","15442.39","15595.29","15394.79"
"2014/10/30","15658.20","15596.50","15701.04","15584.83"
"2014/10/31","16413.76","15817.14","16533.91","15817.14"
"2014/11/04","16862.47","16732.85","17127.66","16720.99"
"2014/11/05","16937.32","16785.44","16995.02","16778.28"
"2014/11/06","16792.48","16993.46","17045.94","16725.45"
"2014/11/07","16880.38","16934.04","16938.20","16824.08"
"2014/11/10","16780.53","16758.27","16818.05","16713.37"
"2014/11/11","17124.11","16869.49","17160.12","16855.30"
"2014/11/12","17197.05","17253.12","17443.74","17170.00"
"2014/11/13","17392.79","17192.00","17400.77","17099.95"
"2014/11/14","17490.83","17520.54","17520.54","17300.19"
"2014/11/17","16973.80","17381.38","17409.32","16907.43"
"2014/11/18","17344.06","17188.84","17356.76","17186.50"
"2014/11/19","17288.75","17384.31","17472.57","17280.76"
"2014/11/20","17300.86","17407.69","17407.69","17270.70"
"2014/11/21","17357.51","17285.72","17381.59","17108.20"
"2014/11/25","17407.62","17490.39","17490.39","17372.71"
"2014/11/26","17383.58","17347.97","17432.57","17335.99"
"2014/11/27","17248.50","17310.49","17346.85","17212.48"
"2014/11/28","17459.85","17340.16","17471.90","17330.84"
"2014/12/01","17590.10","17475.10","17649.02","17474.27"
"2014/12/02","17663.22","17481.06","17687.70","17476.42"
"2014/12/03","17720.43","17772.15","17881.76","17696.36"
"2014/12/04","17887.21","17881.91","17912.59","17813.01"
"2014/12/05","17920.45","17821.85","17922.29","17759.36"
"2014/12/08","17935.64","18004.66","18030.83","17869.74"
"2014/12/09","17813.38","17820.24","17892.16","17773.30"
"2014/12/10","17412.58","17623.35","17658.14","17308.82"
"2014/12/11","17257.40","17180.49","17289.73","17043.63"
"2014/12/12","17371.58","17317.69","17526.19","17298.19"
"2014/12/15","17099.40","17111.49","17258.32","17037.21"
"2014/12/16","16755.32","16862.42","16895.39","16714.83"
"2014/12/17","16819.73","16689.34","16891.02","16672.94"
"2014/12/18","17210.05","17142.95","17274.23","17136.41"
"2014/12/19","17621.40","17511.01","17621.40","17471.60"
"2014/12/22","17635.14","17685.53","17692.58","17572.62"
"2014/12/24","17854.23","17842.04","17875.41","17800.42"
"2014/12/25","17808.75","17804.84","17832.47","17773.59"
"2014/12/26","17818.96","17778.91","17843.73","17769.01"
"2014/12/29","17729.84","17914.55","17914.55","17525.66"
"2014/12/30","17450.77","17702.12","17713.76","17450.77"
"2015/01/05","17408.71","17325.68","17540.92","17219.22"
"2015/01/06","16883.19","17101.58","17111.36","16881.73"
"2015/01/07","16885.33","16808.26","16974.61","16808.26"
"2015/01/08","17167.10","17067.40","17243.71","17016.09"
"2015/01/09","17197.73","17318.74","17342.65","17129.53"
"2015/01/13","17087.71","16970.88","17087.71","16828.27"
"2015/01/14","16795.96","16961.82","17036.72","16770.56"
"2015/01/15","17108.70","16872.95","17141.98","16856.22"
"2015/01/16","16864.16","16812.96","16864.34","16592.57"
"2015/01/19","17014.29","17000.78","17039.80","16911.58"
"2015/01/20","17366.30","17071.65","17366.30","17066.77"
"2015/01/21","17280.48","17308.72","17329.03","17181.55"
"2015/01/22","17329.02","17306.64","17355.74","17229.21"
"2015/01/23","17511.75","17520.63","17532.06","17460.76"
"2015/01/26","17468.52","17285.71","17471.94","17285.71"
"2015/01/27","17768.30","17649.40","17768.41","17633.47"
"2015/01/28","17795.73","17615.93","17850.59","17615.93"
"2015/01/29","17606.22","17666.91","17778.83","17575.10"
"2015/01/30","17674.39","17788.74","17808.47","17661.10"
"2015/02/02","17558.04","17536.61","17628.40","17459.45"
"2015/02/03","17335.85","17654.60","17654.60","17271.87"
"2015/02/04","17678.74","17549.30","17743.11","17535.04"
"2015/02/05","17504.62","17589.21","17619.34","17484.67"
"2015/02/06","17648.50","17696.18","17700.67","17603.07"
"2015/02/09","17711.93","17790.31","17799.49","17653.61"
"2015/02/10","17652.68","17662.67","17673.27","17550.03"
"2015/02/12","17979.72","17899.40","18005.45","17884.34"
"2015/02/13","17913.36","17892.10","17962.11","17864.55"
"2015/02/16","18004.77","18024.01","18074.26","17978.90"
"2015/02/17","17987.09","17949.70","18009.45","17901.26"
"2015/02/18","18199.17","18103.98","18202.61","18092.32"
"2015/02/19","18264.79","18237.35","18322.50","18237.35"
"2015/02/20","18332.30","18336.50","18360.92","18297.67"
"2015/02/23","18466.92","18499.58","18509.08","18402.02"
"2015/02/24","18603.48","18468.39","18603.48","18427.98"
"2015/02/25","18585.20","18636.34","18648.77","18552.81"
"2015/02/26","18785.79","18587.87","18790.83","18587.13"
"2015/02/27","18797.94","18844.28","18865.39","18714.64"
"2015/03/02","18826.88","18869.40","18939.17","18775.23"
"2015/03/03","18815.16","18910.52","18910.52","18730.57"
"2015/03/04","18703.60","18716.78","18732.66","18586.84"
"2015/03/05","18751.84","18658.16","18767.50","18655.36"
"2015/03/06","18971.00","18814.85","18979.64","18808.30"
"2015/03/09","18790.55","18872.96","18878.15","18733.87"
"2015/03/10","18665.11","18891.01","18924.38","18577.06"
"2015/03/11","18723.52","18604.87","18836.93","18583.52"
"2015/03/12","18991.11","18787.10","19008.13","18774.42"
"2015/03/13","19254.25","19119.58","19335.80","19042.25"
"2015/03/16","19246.06","19245.38","19349.20","19226.71"
"2015/03/17","19437.00","19425.89","19479.89","19373.39"
"2015/03/18","19544.48","19407.76","19555.72","19389.24"
"2015/03/19","19476.56","19514.64","19557.17","19312.70"
"2015/03/20","19560.22","19479.71","19565.44","19416.63"
"2015/03/23","19754.36","19607.98","19778.60","19584.73"
"2015/03/24","19713.45","19718.99","19770.64","19646.35"
"2015/03/25","19746.20","19745.75","19775.45","19542.22"
"2015/03/26","19471.12","19605.60","19623.11","19397.01"
"2015/03/27","19285.63","19374.72","19590.03","19099.87"
"2015/03/30","19411.40","19295.21","19474.07","19227.29"
"2015/03/31","19206.99","19592.43","19607.25","19206.99"
"2015/04/01","19034.84","19129.75","19195.23","18927.95"
"2015/04/02","19312.79","19141.93","19433.89","19115.14"
"2015/04/03","19435.08","19289.04","19435.08","19289.04"
"2015/04/06","19397.98","19295.03","19424.09","19241.29"
"2015/04/07","19640.54","19539.03","19667.48","19501.31"
"2015/04/08","19789.81","19729.70","19845.53","19693.63"
"2015/04/09","19937.72","19851.12","19957.32","19822.49"
"2015/04/10","19907.63","19989.55","20006.00","19845.31"
"2015/04/13","19905.46","19967.38","19975.66","19825.69"
"2015/04/14","19908.68","19828.65","19922.50","19828.65"
"2015/04/15","19869.76","19838.53","19913.42","19823.86"
"2015/04/16","19885.77","19862.48","19894.35","19742.12"
"2015/04/17","19652.88","19810.40","19815.25","19638.37"
"2015/04/20","19634.49","19501.00","19725.86","19474.23"
"2015/04/21","19909.09","19731.57","19909.09","19678.22"
"2015/04/22","20133.90","19999.84","20144.66","19983.00"
"2015/04/23","20187.65","20227.28","20252.12","20116.19"
"2015/04/24","20020.04","20142.47","20142.47","20013.74"
"2015/04/27","19983.32","20063.80","20069.24","19909.86"
"2015/04/28","20058.95","20068.65","20133.78","20031.71"
"2015/04/30","19520.01","19847.50","19852.66","19502.61"
"2015/05/01","19531.63","19510.85","19549.39","19399.16"
"2015/05/07","19291.99","19356.46","19461.08","19257.85"
"2015/05/08","19379.19","19315.63","19458.75","19302.71"
"2015/05/11","19620.91","19637.58","19679.63","19586.81"
"2015/05/12","19624.84","19608.23","19626.75","19467.65"
"2015/05/13","19764.72","19568.76","19791.88","19494.70"
"2015/05/14","19570.24","19661.52","19717.80","19546.82"
"2015/05/15","19732.92","19693.17","19750.76","19633.75"
"2015/05/18","19890.27","19766.16","19890.27","19741.22"
"2015/05/19","20026.38","19977.14","20087.70","19946.75"
"2015/05/20","20196.56","20175.59","20278.89","20148.51"
"2015/05/21","20202.87","20215.46","20320.90","20175.78"
"2015/05/22","20264.41","20208.85","20278.31","20130.84"
"2015/05/25","20413.77","20331.92","20417.77","20318.54"
"2015/05/26","20437.48","20431.27","20473.85","20378.77"
"2015/05/27","20472.58","20380.64","20513.22","20363.21"
"2015/05/28","20551.46","20590.28","20655.33","20473.27"
"2015/05/29","20563.15","20510.27","20636.41","20508.40"
"2015/06/01","20569.87","20444.54","20595.41","20410.27"
"2015/06/02","20543.19","20604.67","20619.61","20470.26"
"2015/06/03","20473.51","20443.15","20506.35","20397.73"
"2015/06/04","20488.19","20539.94","20552.46","20438.21"
"2015/06/05","20460.90","20398.76","20480.25","20363.18"
"2015/06/08","20457.19","20537.85","20544.94","20359.06"
"2015/06/09","20096.30","20293.05","20332.42","20095.48"
"2015/06/10","20046.36","20126.36","20264.92","20016.32"
"2015/06/11","20382.97","20183.61","20382.97","20178.04"
"2015/06/12","20407.08","20431.78","20437.26","20331.19"
"2015/06/15","20387.79","20205.10","20401.48","20205.10"
"2015/06/16","20257.94","20332.83","20368.21","20234.16"
"2015/06/17","20219.27","20306.10","20323.08","20126.57"
"2015/06/18","19990.82","20193.59","20200.51","19990.55"
"2015/06/19","20174.24","20152.41","20194.45","20075.91"
"2015/06/22","20428.19","20174.14","20433.30","20174.14"
"2015/06/23","20809.42","20547.74","20809.42","20531.13"
"2015/06/24","20868.03","20889.32","20952.71","20838.22"
"2015/06/25","20771.40","20777.69","20866.58","20758.60"
"2015/06/26","20706.15","20758.43","20785.76","20650.00"
"2015/06/29","20109.95","20305.97","20361.60","20093.16"
"2015/06/30","20235.73","20174.61","20243.18","20118.26"
"2015/07/01","20329.32","20291.05","20346.74","20225.27"
"2015/07/02","20522.50","20565.94","20601.73","20479.85"
"2015/07/03","20539.79","20476.69","20557.51","20431.25"
"2015/07/06","20112.12","20200.15","20310.72","20012.23"
"2015/07/07","20376.59","20354.23","20428.00","20337.18"
"2015/07/08","19737.64","20282.49","20310.89","19737.64"
"2015/07/09","19855.50","19422.78","19855.50","19115.20"
"2015/07/10","19779.83","19829.93","19978.24","19720.15"
"2015/07/13","20089.77","19929.92","20120.15","19911.39"
"2015/07/14","20385.33","20355.33","20435.53","20322.20"
"2015/07/15","20463.33","20478.85","20496.60","20401.09"
"2015/07/16","20600.12","20588.98","20612.50","20522.25"
"2015/07/17","20650.92","20646.63","20658.95","20611.22"
"2015/07/21","20841.97","20763.31","20850.00","20710.34"
"2015/07/22","20593.67","20657.80","20677.84","20576.19"
"2015/07/23","20683.95","20693.57","20708.23","20648.76"
"2015/07/24","20544.53","20603.63","20631.54","20527.78"
"2015/07/27","20350.10","20374.05","20486.93","20278.73"
"2015/07/28","20328.89","20188.57","20423.58","20070.62"
"2015/07/29","20302.91","20425.69","20425.69","20205.21"
"2015/07/30","20522.83","20450.61","20583.57","20443.89"
"2015/07/31","20585.24","20506.55","20585.24","20466.80"
"2015/08/03","20548.11","20540.21","20562.20","20396.50"
"2015/08/04","20520.36","20462.18","20552.04","20448.49"
"2015/08/05","20614.06","20490.15","20715.48","20469.87"
"2015/08/06","20664.44","20768.77","20817.48","20664.44"
"2015/08/07","20724.56","20601.57","20754.00","20567.51"
"2015/08/10","20808.69","20618.31","20820.86","20617.05"
"2015/08/11","20720.75","20920.60","20946.93","20582.01"
"2015/08/12","20392.77","20632.68","20703.20","20303.02"
"2015/08/13","20595.55","20392.54","20633.91","20306.98"
"2015/08/14","20519.45","20518.36","20605.46","20484.67"
"2015/08/17","20620.26","20600.16","20668.87","20541.00"
"2015/08/18","20554.47","20640.59","20663.18","20545.25"
"2015/08/19","20222.63","20467.49","20521.97","20218.03"
"2015/08/20","20033.52","20194.26","20246.47","20033.29"
"2015/08/21","19435.83","19711.34","19737.54","19435.83"
"2015/08/24","18540.68","19075.05","19154.65","18498.80"
"2015/08/25","17806.70","18171.66","18835.35","17747.50"
"2015/08/26","18376.83","17894.29","18442.84","17714.30"
"2015/08/27","18574.44","18680.47","18810.05","18486.46"
"2015/08/28","19136.32","18908.73","19192.82","18901.09"
"2015/08/31","18890.48","19006.98","19019.61","18749.77"
"2015/09/01","18165.69","18763.72","18777.47","18165.69"
"2015/09/02","18095.40","17861.81","18467.44","17857.30"
"2015/09/03","18182.39","18359.53","18481.57","18176.75"
"2015/09/04","17792.16","18312.13","18312.13","17608.17"
"2015/09/07","17860.47","17674.82","18013.64","17478.72"
"2015/09/08","17427.08","17941.91","17962.56","17415.61"
"2015/09/09","18770.51","17758.13","18770.51","17756.76"
"2015/09/10","18299.62","18418.64","18420.56","17956.15"
"2015/09/11","18264.22","18155.71","18362.99","18124.35"
"2015/09/14","17965.70","18341.01","18344.07","17925.09"
"2015/09/15","18026.48","18082.72","18329.57","17995.98"
"2015/09/16","18171.60","18238.15","18291.97","18094.99"
"2015/09/17","18432.27","18361.99","18468.20","18289.63"
"2015/09/18","18070.21","18275.48","18295.90","18069.50"
"2015/09/24","17571.83","17803.41","17865.84","17571.83"
"2015/09/25","17880.51","17618.30","17880.51","17483.69"
"2015/09/28","17645.11","17811.12","17886.49","17562.60"
"2015/09/29","16930.84","17359.38","17366.95","16901.49"
"2015/09/30","17388.15","17193.84","17460.97","17179.40"
"2015/10/01","17722.42","17479.97","17831.58","17389.57"
"2015/10/02","17725.13","17564.39","17775.77","17537.85"
"2015/10/05","18005.49","17921.00","18079.46","17869.74"
"2015/10/06","18186.10","18302.41","18372.72","18094.85"
"2015/10/07","18322.98","18168.20","18379.23","18043.08"
"2015/10/08","18141.17","18310.62","18400.69","18121.68"
"2015/10/09","18438.67","18281.51","18438.67","18184.96"
"2015/10/13","18234.74","18335.15","18359.71","18223.80"
"2015/10/14","17891.00","18106.66","18126.39","17831.53"
"2015/10/15","18096.90","17804.91","18170.67","17758.12"
"2015/10/16","18291.80","18300.83","18397.52","18238.78"
"2015/10/19","18131.23","18282.78","18314.09","18078.43"
"2015/10/20","18207.15","18245.54","18253.13","18147.98"
"2015/10/21","18554.28","18167.64","18605.41","18167.64"
"2015/10/22","18435.87","18443.69","18579.14","18376.01"
"2015/10/23","18825.30","18762.65","18915.64","18746.61"
"2015/10/26","18947.12","19036.13","19088.76","18937.45"
"2015/10/27","18777.04","18961.16","18964.99","18760.79"
"2015/10/28","18903.02","18826.94","18925.51","18815.12"
"2015/10/29","18935.71","19046.16","19080.89","18809.48"
"2015/10/30","19083.10","18924.31","19202.34","18784.69"
"2015/11/02","18683.24","18827.11","18861.11","18641.22"
"2015/11/04","18926.91","18941.32","19151.89","18926.91"
"2015/11/05","19116.41","19029.44","19167.09","18995.96"
"2015/11/06","19265.60","19194.34","19294.15","19164.86"
"2015/11/09","19642.74","19411.51","19684.41","19389.74"
"2015/11/10","19671.26","19457.05","19674.05","19457.05"
"2015/11/11","19691.39","19602.01","19724.12","19602.01"
"2015/11/12","19697.77","19644.65","19725.83","19597.99"
"2015/11/13","19596.91","19495.26","19601.49","19388.91"
"2015/11/16","19393.69","19263.96","19451.09","19252.04"
"2015/11/17","19630.63","19641.67","19726.01","19628.84"
"2015/11/18","19649.18","19771.86","19840.00","19643.97"
"2015/11/19","19859.81","19851.24","19959.06","19761.56"
"2015/11/20","19879.81","19800.20","19879.81","19715.74"
"2015/11/24","19924.89","19875.99","19954.00","19834.76"
"2015/11/25","19847.58","19856.84","19871.75","19786.53"
"2015/11/26","19944.41","19929.97","19992.44","19926.10"
"2015/11/27","19883.94","19994.05","19994.05","19831.25"
"2015/11/30","19747.47","19857.38","19867.95","19707.67"
"2015/12/01","20012.40","19799.08","20012.40","19797.55"
"2015/12/02","19938.13","19957.50","20002.12","19926.22"
"2015/12/03","19939.90","19894.63","19967.88","19862.74"
"2015/12/04","19504.48","19616.52","19660.90","19444.54"
"2015/12/07","19698.15","19710.39","19811.51","19677.21"
"2015/12/08","19492.60","19689.87","19764.21","19475.28"
"2015/12/09","19301.07","19391.50","19475.40","19260.12"
"2015/12/10","19046.55","19070.02","19125.06","19025.78"
"2015/12/11","19230.48","19020.75","19282.21","19020.75"
"2015/12/14","18883.42","18887.09","18911.78","18611.09"
"2015/12/15","18565.90","18869.04","18897.87","18562.51"
"2015/12/16","19049.91","18868.20","19054.89","18859.11"
"2015/12/17","19353.56","19364.57","19507.17","19325.15"
"2015/12/18","18986.80","19320.46","19869.08","18982.25"
"2015/12/21","18916.02","18845.50","18979.83","18651.13"
"2015/12/22","18886.70","18927.86","18943.46","18824.65"
"2015/12/24","18789.69","19071.41","19071.41","18780.94"
"2015/12/25","18769.06","18823.91","18870.70","18744.44"
"2015/12/28","18873.35","18838.91","18922.90","18764.54"
"2015/12/29","18982.23","18843.39","18991.01","18783.36"
"2015/12/30","19033.71","19070.83","19113.18","19017.27"
"2016/01/04","18450.98","18818.58","18951.12","18394.43"
"2016/01/05","18374.00","18398.76","18547.38","18327.52"
"2016/01/06","18191.32","18410.57","18469.38","18064.30"
"2016/01/07","17767.34","18139.77","18172.04","17767.34"
"2016/01/08","17697.96","17562.23","17975.31","17509.64"
"2016/01/12","17218.96","17470.93","17546.57","17184.78"
"2016/01/13","17715.63","17449.12","17717.75","17414.55"
"2016/01/14","17240.95","17384.93","17393.83","16944.41"
"2016/01/15","17147.11","17522.46","17597.87","17057.60"
"2016/01/18","16955.57","16826.93","17037.26","16665.05"
"2016/01/19","17048.37","16902.29","17088.31","16812.65"
"2016/01/20","16416.19","17030.28","17031.32","16387.61"
"2016/01/21","16017.26","16466.86","16734.58","16017.26"
"2016/01/22","16958.53","16336.72","16993.96","16332.45"
"2016/01/25","17110.91","17145.81","17208.24","16922.21"
"2016/01/26","16708.90","16833.13","16839.52","16652.26"
"2016/01/27","17163.92","16949.19","17242.27","16947.95"
"2016/01/28","17041.45","17059.84","17235.44","16942.13"
"2016/01/29","17518.30","17155.06","17638.93","16767.09"
"2016/02/01","17865.23","17699.60","17905.37","17666.48"
"2016/02/02","17750.68","17716.52","17864.70","17684.66"
"2016/02/03","17191.25","17497.41","17515.68","17080.57"
"2016/02/04","17044.99","17071.11","17209.56","16941.88"
"2016/02/05","16819.59","16790.53","16893.12","16627.80"
"2016/02/08","17004.30","16620.91","17099.01","16552.30"
"2016/02/09","16085.44","16666.79","16668.70","16025.94"
"2016/02/10","15713.39","16127.86","16163.03","15429.99"
"2016/02/12","14952.61","15426.27","15437.22","14865.77"
"2016/02/15","16022.58","15248.38","16155.10","15243.88"
"2016/02/16","16054.43","15849.47","16341.56","15809.58"
"2016/02/17","15836.36","16035.35","16214.46","15632.12"
"2016/02/18","16196.80","16138.08","16337.59","16118.80"
"2016/02/19","15967.17","16050.40","16050.46","15799.35"
"2016/02/22","16111.05","15851.39","16187.40","15816.83"
"2016/02/23","16052.05","16230.38","16350.38","16001.19"
"2016/02/24","15915.79","15851.13","16006.45","15753.77"
"2016/02/25","16140.34","15983.47","16218.29","15953.93"
"2016/02/26","16188.41","16311.52","16472.50","16188.41"
"2016/02/29","16026.76","16313.31","16464.75","16026.76"
"2016/03/01","16085.51","16013.00","16099.42","15857.37"
"2016/03/02","16746.55","16391.48","16815.25","16388.92"
"2016/03/03","16960.16","16695.78","16962.95","16691.94"
"2016/03/04","17014.78","16927.36","17042.92","16861.38"
"2016/03/07","16911.32","17024.64","17026.25","16894.58"
"2016/03/08","16783.15","16889.48","16909.79","16570.22"
"2016/03/09","16642.20","16625.59","16706.25","16494.80"
"2016/03/10","16852.35","16811.00","16887.60","16713.13"
"2016/03/11","16938.87","16610.18","17015.30","16575.75"
"2016/03/14","17233.75","17155.52","17291.35","17149.21"
"2016/03/15","17117.07","17219.89","17279.30","17042.56"
"2016/03/16","16974.45","16981.36","17102.45","16950.84"
"2016/03/17","16936.38","17107.60","17253.03","16814.84"
"2016/03/18","16724.81","16883.75","16920.91","16613.69"
"2016/03/22","17048.55","16937.31","17107.80","16851.21"
"2016/03/23","17000.98","17066.27","17142.08","16964.31"
"2016/03/24","16892.33","16979.39","17041.16","16843.99"
"2016/03/25","17002.75","16949.53","17026.14","16889.40"
"2016/03/28","17134.37","17129.27","17167.88","16961.41"
"2016/03/29","17103.53","16985.28","17137.20","16948.43"
"2016/03/30","16878.96","17078.03","17078.03","16875.91"
"2016/03/31","16758.67","16997.14","17033.65","16758.67"
"2016/04/01","16164.16","16719.56","16719.56","16113.01"
"2016/04/04","16123.27","16087.76","16238.51","16029.50"
"2016/04/05","15732.82","16044.23","16066.18","15698.55"
"2016/04/06","15715.36","15727.70","15828.61","15612.91"
"2016/04/07","15749.84","15739.26","15871.10","15636.21"
"2016/04/08","15821.52","15597.04","16027.63","15471.80"
"2016/04/11","15751.13","15761.57","15778.74","15525.49"
"2016/04/12","15928.79","15719.24","15963.03","15693.61"
"2016/04/13","16381.22","16142.71","16405.59","16132.23"
"2016/04/14","16911.05","16629.83","16911.05","16602.17"
"2016/04/15","16848.03","16720.39","16928.67","16720.39"
"2016/04/18","16275.95","16521.25","16526.90","16254.20"
"2016/04/19","16874.44","16582.66","16900.33","16570.50"
"2016/04/20","16906.54","17053.83","17099.36","16870.73"
"2016/04/21","17363.62","17187.27","17381.70","17144.53"
"2016/04/22","17572.49","17220.47","17572.49","17192.39"
"2016/04/25","17439.30","17613.56","17613.56","17403.87"
"2016/04/26","17353.28","17358.56","17426.02","17200.50"
"2016/04/27","17290.49","17369.68","17417.54","17230.23"
"2016/04/28","16666.05","17438.99","17572.27","16652.74"
"2016/05/02","16147.38","16357.10","16357.10","15975.47"
"2016/05/06","16106.72","16212.67","16271.61","15989.35"
"2016/05/09","16216.03","16226.57","16292.86","16159.31"
"2016/05/10","16565.19","16307.50","16587.63","16229.15"
"2016/05/11","16579.01","16736.72","16814.64","16536.61"
"2016/05/12","16646.34","16459.69","16658.07","16374.59"
"2016/05/13","16412.21","16804.17","16804.17","16400.87"
"2016/05/16","16466.40","16391.92","16632.62","16391.92"
"2016/05/17","16652.80","16618.95","16655.89","16509.31"
"2016/05/18","16644.69","16611.40","16795.47","16513.17"
"2016/05/19","16646.66","16807.46","16841.04","16590.16"
"2016/05/20","16736.35","16594.99","16770.87","16548.34"
"2016/05/23","16654.60","16671.28","16691.50","16417.84"
"2016/05/24","16498.76","16605.04","16605.04","16471.37"
"2016/05/25","16757.35","16764.35","16806.03","16731.12"
"2016/05/26","16772.46","16927.69","16957.56","16743.17"
"2016/05/27","16834.84","16830.50","16901.09","16792.73"
"2016/05/30","17068.02","16973.72","17068.02","16910.19"
"2016/05/31","17234.98","17029.46","17251.36","16988.64"
"2016/06/01","16955.73","17097.22","17145.95","16908.92"
"2016/06/02","16562.55","16817.26","16819.85","16525.47"
"2016/06/03","16642.23","16599.51","16716.14","16554.60"
"2016/06/06","16580.03","16373.32","16581.30","16322.64"
"2016/06/07","16675.45","16651.05","16701.01","16536.23"
"2016/06/08","16830.92","16722.49","16830.92","16581.71"
"2016/06/09","16668.41","16742.03","16785.83","16587.77"
"2016/06/10","16601.36","16637.51","16643.36","16496.11"
"2016/06/13","16019.18","16319.11","16335.38","16019.18"
"2016/06/14","15859.00","16001.19","16082.50","15762.09"
"2016/06/15","15919.58","15799.07","15997.30","15752.01"
"2016/06/16","15434.14","15871.22","15913.08","15395.98"
"2016/06/17","15599.66","15631.79","15774.87","15582.94"
"2016/06/20","15965.30","15839.06","16035.44","15835.86"
"2016/06/21","16169.11","15875.81","16202.30","15770.96"
"2016/06/22","16065.72","16095.81","16160.99","15980.65"
"2016/06/23","16238.35","16098.61","16263.87","16057.86"
"2016/06/24","14952.02","16333.87","16389.17","14864.01"
"2016/06/27","15309.21","15153.08","15323.95","15061.66"
"2016/06/28","15323.14","15094.71","15443.82","14987.79"
"2016/06/29","15566.83","15523.35","15626.66","15398.31"
"2016/06/30","15575.92","15752.71","15781.69","15575.92"
"2016/07/01","15682.48","15698.02","15765.00","15635.57"
"2016/07/04","15775.80","15554.04","15805.31","15553.92"
"2016/07/05","15669.33","15682.16","15702.04","15602.73"
"2016/07/06","15378.99","15434.46","15434.46","15167.98"
"2016/07/07","15276.24","15346.81","15418.90","15241.91"
"2016/07/08","15106.98","15326.84","15399.70","15106.52"
"2016/07/11","15708.82","15375.94","15816.67","15375.94"
"2016/07/12","16095.65","15961.30","16237.62","15956.91"
"2016/07/13","16231.43","16343.00","16444.25","16196.44"
"2016/07/14","16385.89","16242.20","16398.73","16229.26"
"2016/07/15","16497.85","16396.12","16607.32","16396.12"
"2016/07/19","16723.31","16612.09","16726.71","16514.66"
"2016/07/20","16681.89","16646.92","16692.84","16554.03"
"2016/07/21","16810.22","16855.18","16938.96","16740.00"
"2016/07/22","16627.25","16612.90","16691.81","16566.98"
"2016/07/25","16620.29","16655.81","16778.65","16612.33"
"2016/07/26","16383.04","16535.81","16535.81","16323.10"
"2016/07/27","16664.82","16526.06","16821.43","16526.06"
"2016/07/28","16476.84","16596.15","16616.28","16450.28"
"2016/07/29","16569.27","16359.68","16679.19","16174.35"
"2016/08/01","16635.77","16415.31","16677.49","16319.15"
"2016/08/02","16391.45","16469.68","16541.88","16391.45"
"2016/08/03","16083.11","16227.28","16275.34","16056.67"
"2016/08/04","16254.89","16168.34","16270.12","15921.04"
"2016/08/05","16254.45","16278.99","16355.98","16230.70"
"2016/08/08","16650.57","16462.29","16652.04","16455.57"
"2016/08/09","16764.97","16632.41","16779.59","16630.56"
"2016/08/10","16735.12","16699.08","16822.86","16657.59"
"2016/08/12","16919.92","16877.18","16943.67","16818.43"
"2016/08/15","16869.56","16866.89","16932.11","16844.58"
"2016/08/16","16596.51","16878.66","16887.57","16596.51"
"2016/08/17","16745.64","16596.26","16772.11","16596.26"
"2016/08/18","16486.01","16649.91","16714.61","16481.41"
"2016/08/19","16545.82","16558.38","16613.04","16452.62"
"2016/08/22","16598.19","16599.26","16631.23","16540.94"
"2016/08/23","16497.36","16549.82","16663.64","16452.01"
"2016/08/24","16597.30","16550.21","16648.07","16544.39"
"2016/08/25","16555.95","16580.15","16628.79","16520.84"
"2016/08/26","16360.71","16485.55","16490.53","16320.43"
"2016/08/29","16737.49","16631.06","16764.64","16616.65"
"2016/08/30","16725.36","16690.98","16752.16","16677.85"
"2016/08/31","16887.40","16857.83","16917.86","16836.96"
"2016/09/01","16926.84","16885.16","16941.18","16864.56"
"2016/09/02","16925.68","16903.78","16946.49","16848.12"
"2016/09/05","17037.63","17131.52","17156.36","17009.21"
"2016/09/06","17081.98","17035.03","17097.59","17022.64"
"2016/09/07","17012.44","16937.38","17024.26","16903.20"
"2016/09/08","16958.77","16984.00","17001.84","16836.65"
"2016/09/09","16965.76","16994.37","17029.78","16902.09"
"2016/09/12","16672.92","16748.36","16802.00","16601.54"
"2016/09/13","16729.04","16764.65","16787.06","16658.40"
"2016/09/14","16614.24","16632.06","16706.61","16585.80"
"2016/09/15","16405.01","16512.42","16528.02","16359.78"
"2016/09/16","16519.29","16458.74","16532.84","16415.86"
"2016/09/20","16492.15","16403.22","16591.70","16403.22"
"2016/09/21","16807.62","16471.85","16823.63","16399.65"
"2016/09/23","16754.02","16759.84","16808.59","16725.53"
"2016/09/26","16544.56","16707.45","16707.45","16514.93"
"2016/09/27","16683.93","16390.91","16683.93","16285.41"
"2016/09/28","16465.40","16504.99","16515.84","16385.03"
"2016/09/29","16693.71","16606.30","16756.43","16584.14"
"2016/09/30","16449.84","16474.45","16497.55","16407.78"
"2016/10/03","16598.67","16566.03","16652.16","16554.83"
"2016/10/04","16735.65","16661.51","16747.20","16637.82"
"2016/10/05","16819.24","16787.89","16844.35","16728.19"
"2016/10/06","16899.10","16913.60","16971.28","16888.77"
"2016/10/07","16860.09","16883.12","16895.13","16820.21"
"2016/10/11","17024.76","16936.31","17074.46","16931.12"
"2016/10/12","16840.00","16850.73","16951.54","16839.41"
"2016/10/13","16774.24","16923.82","16974.25","16739.73"
"2016/10/14","16856.37","16751.04","16866.56","16727.78"
"2016/10/17","16900.12","16871.84","16954.44","16821.49"
"2016/10/18","16963.61","16862.31","16966.90","16844.17"
"2016/10/19","16998.91","16952.91","17016.66","16938.46"
"2016/10/20","17235.50","16999.36","17235.50","16992.14"
"2016/10/21","17184.59","17283.75","17288.89","17151.98"
"2016/10/24","17234.42","17216.56","17244.74","17162.21"
"2016/10/25","17365.25","17298.63","17381.80","17298.63"
"2016/10/26","17391.84","17329.03","17391.84","17295.46"
"2016/10/27","17336.42","17346.39","17414.21","17278.12"
"2016/10/28","17446.41","17448.25","17461.03","17406.72"
"2016/10/31","17425.02","17360.89","17433.13","17327.62"
"2016/11/01","17442.40","17380.54","17473.12","17339.64"
"2016/11/02","17134.68","17238.00","17283.60","17080.59"
"2016/11/04","16905.36","16964.50","16996.09","16801.98"
"2016/11/07","17177.21","17126.03","17186.89","17056.84"
"2016/11/08","17171.38","17242.70","17247.04","17130.83"
"2016/11/09","16251.54","17281.95","17427.71","16111.81"
"2016/11/10","17344.42","16562.86","17393.82","16560.66"
"2016/11/11","17374.79","17526.61","17621.73","17333.49"
"2016/11/14","17672.62","17467.49","17697.33","17455.78"
"2016/11/15","17668.15","17690.22","17727.58","17605.77"
"2016/11/16","17862.21","17832.51","17886.44","17807.47"
"2016/11/17","17862.63","17766.61","17884.06","17764.08"
"2016/11/18","17967.41","18024.21","18043.72","17967.41"
"2016/11/21","18106.02","18038.09","18129.03","18007.79"
"2016/11/22","18162.94","18091.05","18175.63","18050.55"
"2016/11/24","18333.41","18329.78","18382.72","18310.31"
"2016/11/25","18381.22","18387.59","18482.94","18288.50"
"2016/11/28","18356.89","18302.58","18374.93","18222.82"
"2016/11/29","18307.04","18263.63","18327.51","18258.82"
"2016/11/30","18308.48","18356.03","18370.31","18280.66"
"2016/12/01","18513.12","18535.24","18746.28","18469.27"
"2016/12/02","18426.08","18435.55","18469.68","18315.38"
"2016/12/05","18274.99","18349.92","18365.74","18227.39"
"2016/12/06","18360.54","18457.20","18484.80","18318.99"
"2016/12/07","18496.69","18434.54","18502.47","18410.88"
"2016/12/08","18765.47","18674.19","18765.47","18614.01"
"2016/12/09","18996.37","18839.98","19042.48","18821.41"
"2016/12/12","19155.03","19183.82","19280.93","19054.00"
"2016/12/13","19250.52","19120.76","19253.51","19060.72"
"2016/12/14","19253.61","19270.01","19284.28","19184.75"
"2016/12/15","19273.79","19327.70","19436.90","19192.60"
"2016/12/16","19401.15","19438.39","19439.97","19360.36"
"2016/12/19","19391.60","19345.84","19399.26","19307.14"
"2016/12/20","19494.53","19367.84","19511.20","19356.81"
"2016/12/21","19444.49","19547.28","19592.90","19375.19"
"2016/12/22","19427.67","19396.85","19427.67","19327.51"
"2016/12/26","19396.64","19394.41","19432.48","19385.94"
"2016/12/27","19403.06","19353.43","19478.58","19352.06"
"2016/12/28","19401.72","19392.11","19442.13","19364.73"
"2016/12/29","19145.14","19301.04","19301.04","19092.22"
"2016/12/30","19114.37","18997.68","19176.81","18991.59"
"2017/01/04","19594.16","19298.68","19594.16","19277.93"
"2017/01/05","19520.69","19602.10","19615.40","19473.28"
"2017/01/06","19454.33","19393.55","19472.37","19354.44"
"2017/01/10","19301.44","19414.83","19484.90","19255.35"
"2017/01/11","19364.67","19358.64","19402.17","19325.46"
"2017/01/12","19134.70","19300.19","19300.19","19069.02"
"2017/01/13","19287.28","19174.97","19299.36","19156.93"
"2017/01/16","19095.24","19219.13","19255.41","19061.27"
"2017/01/17","18813.53","19038.45","19043.91","18812.86"
"2017/01/18","18894.37","18753.96","18941.24","18650.33"
"2017/01/19","19072.25","19082.83","19122.39","18982.13"
"2017/01/20","19137.91","19059.15","19176.86","19040.20"
"2017/01/23","18891.03","18938.45","19024.21","18879.68"
"2017/01/24","18787.99","18817.42","18915.70","18783.16"
"2017/01/25","19057.50","19091.23","19133.18","18987.45"
"2017/01/26","19402.39","19260.67","19405.23","19232.46"
"2017/01/27","19467.40","19453.51","19486.68","19404.13"
"2017/01/30","19368.85","19371.28","19390.97","19295.80"
"2017/01/31","19041.34","19145.35","19199.75","19041.34"
"2017/02/01","19148.08","18926.97","19155.79","18916.18"
"2017/02/02","18914.58","19152.79","19170.63","18866.80"
"2017/02/03","18918.20","18996.74","19061.26","18830.89"
"2017/02/06","18976.71","19069.72","19075.57","18899.40"
"2017/02/07","18910.78","18844.12","18970.58","18805.32"
"2017/02/08","19007.60","18951.16","19009.24","18875.57"
"2017/02/09","18907.67","18942.04","18991.23","18874.91"
"2017/02/10","19378.93","19216.74","19395.99","19193.57"
"2017/02/13","19459.15","19513.78","19519.44","19418.18"
"2017/02/14","19238.98","19478.86","19501.01","19232.85"
"2017/02/15","19437.98","19438.81","19495.62","19420.00"
"2017/02/16","19347.53","19431.61","19431.61","19260.24"
"2017/02/17","19234.62","19228.74","19275.39","19173.53"
"2017/02/20","19251.08","19161.33","19274.75","19115.11"
"2017/02/21","19381.44","19267.87","19395.35","19261.98"
"2017/02/22","19379.87","19419.22","19419.22","19329.28"
"2017/02/23","19371.46","19379.92","19379.92","19262.63"
"2017/02/24","19283.54","19232.11","19381.10","19219.58"
"2017/02/27","19107.47","19130.51","19178.99","18995.55"
"2017/02/28","19118.99","19194.68","19267.99","19118.99"
"2017/03/01","19393.54","19226.94","19414.55","19164.62"
"2017/03/02","19564.80","19624.82","19668.01","19564.80"
"2017/03/03","19469.17","19551.34","19587.79","19392.75"
"2017/03/06","19379.14","19409.18","19411.54","19340.32"
"2017/03/07","19344.15","19337.19","19375.09","19317.10"
"2017/03/08","19254.03","19308.53","19326.40","19198.78"
"2017/03/09","19318.58","19343.06","19350.20","19262.98"
"2017/03/10","19604.61","19444.71","19623.72","19427.81"
"2017/03/13","19633.75","19545.74","19656.48","19531.51"
"2017/03/14","19609.50","19634.29","19637.55","19599.62"
"2017/03/15","19577.38","19528.75","19581.53","19503.74"
"2017/03/16","19590.14","19458.70","19618.99","19454.17"
"2017/03/17","19521.59","19510.89","19547.51","19487.92"
"2017/03/21","19455.88","19416.55","19485.14","19337.22"
"2017/03/22","19041.38","19146.62","19183.27","19026.53"
"2017/03/23","19085.31","19048.84","19105.11","18973.75"
"2017/03/24","19262.53","19066.35","19296.05","19060.64"
"2017/03/27","18985.59","19071.19","19086.89","18932.09"
"2017/03/28","19202.87","19159.07","19203.64","19113.44"
"2017/03/29","19217.48","19216.78","19251.30","19164.61"
"2017/03/30","19063.22","19150.82","19218.08","19043.48"
"2017/03/31","18909.26","19170.42","19210.92","18909.26"
"2017/04/03","18983.23","18988.00","19068.62","18920.52"
"2017/04/04","18810.25","18933.82","18947.33","18703.63"
"2017/04/05","18861.27","18900.70","18941.94","18773.94"
"2017/04/06","18597.06","18754.37","18797.44","18532.65"
"2017/04/07","18664.63","18714.98","18785.73","18517.43"
"2017/04/10","18797.88","18800.22","18850.80","18762.70"
"2017/04/11","18747.87","18717.55","18767.70","18661.86"
"2017/04/12","18552.61","18592.10","18602.50","18460.59"
"2017/04/13","18426.84","18391.72","18455.25","18304.72"
"2017/04/14","18335.63","18531.91","18531.91","18285.73"
"2017/04/17","18355.26","18239.84","18361.44","18224.68"
"2017/04/18","18418.59","18497.38","18547.46","18362.73"
"2017/04/19","18432.20","18327.33","18467.73","18327.33"
"2017/04/20","18430.49","18446.39","18523.40","18420.82"
"2017/04/21","18620.75","18591.82","18648.28","18542.42"
"2017/04/24","18875.88","18890.38","18910.33","18840.13"
"2017/04/25","19079.33","18872.56","19109.76","18867.19"
"2017/04/26","19289.43","19184.92","19289.43","19170.86"
"2017/04/27","19251.87","19205.59","19281.70","19199.59"
"2017/04/28","19196.74","19240.65","19264.57","19164.68"
"2017/05/01","19310.52","19154.03","19311.21","19144.62"
"2017/05/02","19445.70","19335.72","19464.30","19335.02"
"2017/05/08","19895.70","19709.01","19929.48","19705.13"
"2017/05/09","19843.00","19915.64","19917.45","19838.71"
"2017/05/10","19900.09","19890.56","19938.53","19866.30"
"2017/05/11","19961.55","19943.95","19989.94","19906.35"
"2017/05/12","19883.90","19941.64","19941.64","19809.91"
"2017/05/15","19869.85","19753.46","19869.85","19740.63"
"2017/05/16","19919.82","19953.06","19998.49","19862.41"
"2017/05/17","19814.88","19806.78","19842.78","19764.63"
"2017/05/18","19553.86","19556.99","19601.53","19449.73"
"2017/05/19","19590.76","19591.41","19628.64","19497.29"
"2017/05/22","19678.28","19670.48","19722.93","19618.73"
"2017/05/23","19613.28","19647.74","19693.02","19585.54"
"2017/05/24","19742.98","19777.56","19782.81","19690.10"
"2017/05/25","19813.13","19737.21","19850.93","19720.12"
"2017/05/26","19686.84","19798.49","19801.59","19686.49"
"2017/05/29","19682.57","19697.18","19736.62","19627.19"
"2017/05/30","19677.85","19681.11","19691.44","19570.13"
"2017/05/31","19650.57","19630.33","19673.51","19589.25"
"2017/06/01","19860.03","19692.16","19887.66","19686.32"
"2017/06/02","20177.28","19970.23","20239.81","19967.00"
"2017/06/05","20170.82","20135.42","20224.54","20104.13"
"2017/06/06","19979.90","20122.26","20152.95","19948.02"
"2017/06/07","19984.62","19951.68","20023.24","19908.07"
"2017/06/08","19909.26","20048.28","20061.22","19896.35"
"2017/06/09","20013.26","19953.06","20096.01","19927.07"
"2017/06/12","19908.58","19920.77","19949.07","19837.64"
"2017/06/13","19898.75","19859.81","19929.03","19850.86"
"2017/06/14","19883.52","19974.56","20009.93","19879.60"
"2017/06/15","19831.82","19815.54","19963.36","19755.34"
"2017/06/16","19943.26","19931.15","20015.16","19884.80"
"2017/06/19","20067.75","19974.30","20087.71","19949.88"
"2017/06/20","20230.41","20234.12","20318.11","20227.29"
"2017/06/21","20138.79","20192.16","20215.11","20117.79"
"2017/06/22","20110.51","20154.38","20191.42","20107.89"
"2017/06/23","20132.67","20152.58","20152.58","20089.54"
"2017/06/26","20153.35","20132.81","20196.38","20119.04"
"2017/06/27","20225.09","20229.12","20250.10","20185.19"
"2017/06/28","20130.41","20149.20","20224.30","20110.49"
"2017/06/29","20220.30","20260.87","20266.59","20197.38"
"2017/06/30","20033.43","20025.63","20044.01","19946.51"
"2017/07/03","20055.80","20056.32","20096.14","20030.61"
"2017/07/04","20032.35","20192.27","20197.16","19971.53"
"2017/07/05","20081.63","20015.07","20087.01","19888.90"
"2017/07/06","19994.06","20061.68","20078.88","19947.63"
"2017/07/07","19929.09","19856.65","19979.93","19856.65"
"2017/07/10","20080.98","20070.44","20127.76","20023.03"
"2017/07/11","20195.48","20073.86","20200.88","20070.67"
"2017/07/12","20098.38","20137.22","20153.04","20061.16"
"2017/07/13","20099.81","20177.28","20183.80","20062.27"
"2017/07/14","20118.86","20157.92","20163.67","20101.71"
"2017/07/18","19999.91","20074.41","20081.29","19943.14"
"2017/07/19","20020.86","19970.78","20032.46","19947.26"
"2017/07/20","20144.59","20046.90","20157.11","20032.23"
"2017/07/21","20099.75","20089.86","20135.33","20081.91"
"2017/07/24","19975.67","19973.67","20002.54","19901.88"
"2017/07/25","19955.20","19979.56","20036.31","19941.61"
"2017/07/26","20050.16","20098.14","20116.00","20016.58"
"2017/07/27","20079.64","20026.58","20176.39","20005.20"
"2017/07/28","19959.84","20048.46","20056.16","19926.60"
"2017/07/31","19925.18","19933.45","19983.90","19891.90"
"2017/08/01","19985.79","19907.08","20000.46","19904.72"
"2017/08/02","20080.04","20057.07","20113.73","20022.05"
"2017/08/03","20029.26","20066.00","20070.16","19985.40"
"2017/08/04","19952.33","19949.79","19984.51","19933.59"
"2017/08/07","20055.89","20059.29","20085.90","20037.40"
"2017/08/08","19996.01","20062.65","20076.80","19970.57"
"2017/08/09","19738.71","19928.96","19945.28","19660.22"
"2017/08/10","19729.74","19792.45","19829.88","19685.83"
"2017/08/14","19537.10","19545.58","19598.41","19486.48"
"2017/08/15","19753.31","19689.38","19824.12","19656.91"
"2017/08/16","19729.28","19750.55","19776.86","19719.08"
"2017/08/17","19702.63","19707.75","19739.04","19679.37"
"2017/08/18","19470.41","19471.27","19543.13","19433.09"
"2017/08/21","19393.13","19509.53","19509.53","19365.65"
"2017/08/22","19383.84","19373.11","19437.25","19361.95"
"2017/08/23","19434.64","19547.05","19561.32","19408.47"
"2017/08/24","19353.77","19366.36","19428.55","19351.92"
"2017/08/25","19452.61","19401.12","19485.97","19384.37"
"2017/08/28","19449.90","19502.23","19535.50","19420.50"
"2017/08/29","19362.55","19319.11","19371.90","19280.02"
"2017/08/30","19506.54","19480.98","19538.23","19435.10"
"2017/08/31","19646.24","19591.32","19687.99","19583.11"
"2017/09/01","19691.47","19733.57","19735.96","19620.07"
"2017/09/04","19508.25","19615.96","19628.40","19479.40"
"2017/09/05","19385.81","19533.38","19542.78","19354.59"
"2017/09/06","19357.97","19286.06","19371.38","19254.67"
"2017/09/07","19396.52","19433.44","19482.72","19365.75"
"2017/09/08","19274.82","19297.96","19357.49","19239.52"
"2017/09/11","19545.77","19441.39","19567.03","19437.14"
"2017/09/12","19776.62","19736.14","19792.06","19718.80"
"2017/09/13","19865.82","19873.69","19888.84","19845.02"
"2017/09/14","19807.44","19860.37","19918.39","19793.85"
